Source.Port,Destination.Port,Protocol,Flow.Duration,Total.Fwd.Packets,Total.Backward.Packets,Total.Length.of.Fwd.Packets,Total.Length.of.Bwd.Packets,Fwd.Packet.Length.Max,Fwd.Packet.Length.Min,Fwd.Packet.Length.Mean,Fwd.Packet.Length.Std,Bwd.Packet.Length.Max,Bwd.Packet.Length.Min,Bwd.Packet.Length.Mean,Bwd.Packet.Length.Std,Flow.Bytes.s,Flow.Packets.s,Flow.IAT.Mean,Flow.IAT.Std,Flow.IAT.Max,Flow.IAT.Min,Fwd.IAT.Total,Fwd.IAT.Mean,Fwd.IAT.Std,Fwd.IAT.Max,Fwd.IAT.Min,Bwd.IAT.Total,Bwd.IAT.Mean,Bwd.IAT.Std,Bwd.IAT.Max,Bwd.IAT.Min,Fwd.PSH.Flags,Bwd.PSH.Flags,Fwd.URG.Flags,Bwd.URG.Flags,Fwd.Header.Length,Bwd.Header.Length,Fwd.Packets.s,Bwd.Packets.s,Min.Packet.Length,Max.Packet.Length,Packet.Length.Mean,Packet.Length.Std,Packet.Length.Variance,FIN.Flag.Count,SYN.Flag.Count,RST.Flag.Count,PSH.Flag.Count,ACK.Flag.Count,URG.Flag.Count,CWE.Flag.Count,ECE.Flag.Count,Down.Up.Ratio,Average.Packet.Size,Avg.Fwd.Segment.Size,Avg.Bwd.Segment.Size,Fwd.Header.Length.1,Fwd.Avg.Bytes.Bulk,Fwd.Avg.Packets.Bulk,Fwd.Avg.Bulk.Rate,Bwd.Avg.Bytes.Bulk,Bwd.Avg.Packets.Bulk,Bwd.Avg.Bulk.Rate,Subflow.Fwd.Packets,Subflow.Fwd.Bytes,Subflow.Bwd.Packets,Subflow.Bwd.Bytes,Init_Win_bytes_forward,Init_Win_bytes_backward,act_data_pkt_fwd,min_seg_size_forward,Active.Mean,Active.Std,Active.Max,Active.Min,Idle.Mean,Idle.Std,Idle.Max,Idle.Min,L7Protocol
399.90784048832404,932.0847174384485,405.9868229283191,869.4002423208788,746.1641855936716,309.1085124725412,387.9618073028138,234.68513041873223,630.16301186377,287.12533464758303,60.95326899004203,78.62765882517635,736.054264729322,37.29044807922657,708.7727116947626,371.59088960837795,613.5340292077613,866.2876480937656,792.1691347984034,578.7876170556277,685.7563257721093,572.3499367058599,672.5278245838321,865.4489370305306,96.79653514000155,261.36220243872594,448.37023603739294,498.1418285324002,518.7985764642594,700.7387545839873,234.46083407267864,645.9092873574547,483.6008696404068,80.39915795657252,272.1321681775933,587.842361619471,854.8499446030823,725.99241242927,501.8711790203399,875.8737800133727,939.4684637905826,218.2142765613149,812.8987070433262,228.11417404687091,427.65696188111036,228.0800488615848,816.4150218652378,537.8620705167184,347.6454054831282,539.3114827064885,617.8371451723776,659.9615324550784,706.4496756850524,76.76508685760226,317.5789042950804,296.4145176942135,751.8999230996059,768.9725452756129,63.97548230597486,349.59192438535865,740.6955741046294,119.76525400843728,460.28223789521445,704.2559061314792,143.7206350037883,861.8569609121878,795.4303000725066,798.2517048648024,334.7134280618364,696.7827274533722,43.93376297070606,301.0479112236894,497.01132255279464,892.174529757618,812.0780050638309,963.3031142154072,266.03358227346365,444.347580877462,573.6862941164919,530.0363206333562,61.67014661215466
609.7688101832729,602.4605105465523,791.3734615252611,378.7590095340072,948.8114445815074,929.0183613809951,710.1793910968188,401.9304972957819,704.1845062610726,78.03103370386236,406.1738869574458,211.93053964891166,186.75795537355137,690.6597505158114,612.5294760906413,648.2886944180765,36.98812404787837,768.1827580595308,490.3842233938808,757.5630818581355,364.88270524789067,223.02074136496208,879.7532106912768,460.7441567853068,458.8733403349241,881.4405801874834,53.844300786377595,360.53643952020855,113.01055154817871,15.01327567791638,618.3553968723736,689.5473808432705,47.77835464470331,840.0177340770224,82.2566144608938,732.7187971990296,891.3608225123991,295.5528217608131,778.1021182566003,71.21999832589633,562.1524662251408,883.0630823033623,549.5960996846957,927.7619697288612,995.3715582164648,986.19131797554,718.5990953474128,354.24749317255714,521.5180099170733,676.9090476304935,720.8747660825825,726.1643417051692,413.04803441530305,212.01789928177135,527.3560693950789,1.968982041927305,466.51782054342783,80.75665434335338,353.4533256960861,88.56930547239995,145.8708134929734,844.9136805328715,936.0245146821044,732.9979687482321,37.39006173160413,913.6552292722932,482.5217693869593,691.5332230994333,41.48740607733441,146.26651591590982,593.7268981136227,740.4711580202321,496.66198626123673,365.8613741161733,655.3820027154338,45.60141922303733,414.58474479701493,575.4783700287026,626.879465203356,832.0680301995599,594.265868129352
378.92760233503003,133.37964365883812,274.3731223608361,442.35265381969606,535.486320681642,207.80453822705672,824.4735865995812,396.9487672210049,526.5261115985611,122.80791208188657,83.2106071334447,326.2241417125366,530.7617570328061,482.57211784577083,106.99949201909888,890.7515510921916,942.6686046070887,282.3926181649347,439.23546505107606,914.9941633112531,444.8377906480077,657.7611734447764,583.8364577827559,790.645336492593,167.25651643700508,880.7031942676829,903.490529425388,641.1084284612832,614.3841620587617,596.6460486265407,591.9754646575547,765.9607017783148,214.1478869356309,316.93909499703904,974.002435418653,240.37421694589898,784.4384546904205,574.1396271870597,371.0323976508687,773.0424452334565,331.9928146187224,899.0685463618532,930.3569626767282,144.00352774341889,142.31789001330296,753.5604435183674,859.0735682911516,553.6292642329811,186.3820573836644,599.4664906614407,676.2826840781967,155.93128272178205,282.8000396187315,74.50861409011092,467.0343400188554,774.3516231505265,83.67270405959654,953.5925103075857,789.1926522676677,564.3738543386022,417.45318514508256,6.840242648220507,603.5212441821188,54.73169839506819,464.065821460129,62.17036370811236,542.4642026630435,189.85181679719105,758.7782683373434,521.7188383066633,885.4877516979541,542.2802222096471,314.84633210958066,949.7192753890347,551.7239628563411,96.23619412292004,151.10979047719604,0.13089065519448512,78.49568989712081,868.87432927853,466.7395764717154
164.9755221655046,14.284204054852086,222.68881984583493,390.9961470017806,78.6680877072269,432.66352353570596,242.06373799496015,550.5778762665386,605.0339272576414,329.14851645470884,11.382765445553186,209.30760203429503,6.693926667192046,621.295942749508,460.6277604293196,593.7793443652455,951.4423891243736,300.98506077878864,508.29160481503493,147.01199885417995,202.14330730252874,415.60474304957376,226.28246647116862,793.9750415043621,277.4815646566957,632.0389243442917,99.21494097829334,426.584715697628,472.78088817786426,114.9540914749109,796.2861759840116,350.7509776769746,932.6881132313432,240.04357013405817,128.6712290197254,60.40961648657746,349.3759272196301,333.1249576578995,775.708076107726,181.91537661558067,290.39251467487844,22.16305190532646,981.5041556159331,458.9624198877391,2.4153286228602098,780.3536811063904,47.489366892183355,68.79795585107688,645.7622807617582,480.29049015110974,770.678566466265,649.6211856212637,377.2407200628333,386.7524977266966,726.1793527840688,753.0768841516284,383.412697423288,846.6557693414136,809.6815963606222,946.0111534846542,569.4588331173838,802.4602877241115,284.38691913323953,915.9728273639972,444.72857400575236,397.6965167750945,867.8056672386408,722.3397959814315,485.22145224307025,216.95633768170205,741.1248473432636,820.2545140797774,183.97928961273112,576.7179690789301,677.4340278082357,416.05759707944696,222.91948831001702,384.68822803143024,70.9088748445328,436.50123452169544,183.03824572573996
153.91338000884602,299.3083954524787,560.648711856171,57.160412286629246,690.4917857978137,688.8043206054411,465.57547609259166,959.066369005346,585.9944018361,990.4653637237034,45.30626522755418,972.4036725138587,913.0157665445079,960.5809418950885,662.5440342410607,189.8314936143474,867.9958216869863,469.1454059872756,255.93650538389437,262.73702977414354,908.1433553337474,350.6568416102515,261.77539157877266,257.0657622344948,864.7176913973815,388.4407497085179,28.123600347068038,478.07615024055247,764.4457248793436,737.7199592691419,471.2909479274741,724.5464237427799,82.89907058697307,638.136403303795,720.4753148214699,186.02692455955858,498.2548057446099,913.6323005485334,515.2029816218723,929.0012373471855,629.2681117966077,497.4596525399103,503.82366342051574,947.5964788001371,583.5286705137695,673.5683646286061,236.06425146142695,184.5048772550945,810.2201079767921,861.447201903292,38.845297473237586,615.249976530973,177.42608581064607,812.2906838611729,983.1721438506389,956.4023606755654,713.1507327214769,739.4132724721202,601.9499264829767,729.3574716479652,64.86734674983569,9.543844466354509,72.48090502102121,316.7117415380785,143.25511998241845,706.9614105239348,738.6211720197881,259.37590213822386,572.8645423740265,486.29692050978684,974.3136324175864,6.973639632831146,674.6897533466556,24.2887032627977,534.4561750864477,181.59317129948207,592.1732929820623,684.0176678814588,291.05454904549305,629.9714376164364,661.7465743277331
215.20178596736972,831.4421240593729,880.178646101778,582.8386846096794,700.1625077683611,416.09258103253865,188.99172905096032,803.0997024709259,324.50256393452383,557.6162260531889,353.15016735653245,752.5317814652194,424.3123441461688,126.95972204237322,942.1396767289139,194.097608011865,606.9021236233453,29.685841253972587,657.2870712929088,654.2873299525974,119.85348413842287,290.98266674802943,984.2650143380648,359.7160502403234,178.36494139649878,87.68995081147375,952.9543011829151,412.4320699238097,952.621730124835,80.47986086976026,19.407610113150383,654.7658930217159,118.88758136109685,575.7478261675861,70.25423193228134,555.6492521976699,401.41371751062474,121.75935350728423,656.0841121225303,484.02970710449574,428.0197060597089,718.9808686038558,483.49128648904707,7.151636596660007,167.30547702622462,65.90784674361089,88.26751521247455,373.5705415656951,256.4200590282662,596.6069542413086,589.137567053583,380.23491217356167,970.1263264382638,504.52094781116347,960.3797456784924,253.0978969896455,808.5210234830769,243.52885125704873,564.5244889068414,432.3541346412733,179.69117254044392,708.2771653294639,640.7941658189955,331.80314385524315,852.0615348709184,292.6821364353507,456.6647040274289,141.76027758280216,299.2488865816535,653.2772427189606,191.0736527913905,942.3668570651091,709.1122412071048,279.90268676983675,911.6123271789206,806.0767006046055,967.6669482712704,13.042471302888227,19.807666773388192,753.0339676980198,539.8335645818265
455.0349967071172,692.7952400859746,541.1419305795354,989.7030026679683,735.3949924333888,307.807712055553,70.47967261085621,163.9042066634395,311.70131967426397,359.02689285025593,193.16541237842026,340.31351270349865,941.1748727211534,826.1091641519237,51.60675896417919,946.2860719066299,11.107739732945857,352.0846403001953,632.143390989742,982.5933489310426,54.93317042166319,487.19776081052237,196.56361965937538,262.62338310076586,392.4665844540135,39.800676713128084,616.7489736906181,613.9483160326115,325.63419526231564,496.44509659142904,106.53085416308957,348.96141283161836,539.6032711565922,825.5329659901736,568.7734744125961,743.9754298537664,905.1558022113635,777.11962356362,64.80979749691487,994.8577845947925,814.1630108082865,927.4618329538002,605.6838462144962,27.020344146771762,550.1860029333442,913.199478877426,409.29935919334486,732.1161557281204,423.17382351730816,892.3687695112426,202.37481336629506,805.1194228247008,928.775653382219,955.3145447561457,751.9247826486234,351.17919176298227,806.2127418574366,211.5861776668207,203.15868390735665,621.6499127574804,204.61341724533608,702.2846064189907,590.0580515727457,333.50607340116886,170.95558162401775,589.4082597394431,601.5664547595069,184.01922718544142,734.9376507746126,720.7611045872438,372.90804401236664,962.4302802980313,547.4028475292652,916.1413176526898,604.1960776253524,857.1773990326074,876.870565582931,55.645181757440994,312.6102400699942,274.1858365144089,932.3667166290033
425.74689396979016,455.28278123082254,46.097092271637365,472.87057021920344,653.6738035007638,842.6051280366821,3.0669901219583693,714.582678395071,138.63368017532656,297.0632284446355,51.58777961264071,230.19780698582883,886.1608177179593,380.2652556323658,760.831597741235,39.581946841217835,593.5078873116396,886.9953775792823,615.0706331416311,567.206311048153,931.8302053171504,404.9656649147581,687.6565779378893,11.102951046535656,150.7992210716435,286.103557684421,113.77487686294987,594.0118032388019,91.13094155015865,242.71142928534377,835.2027544119705,315.9355876475841,317.27636012924535,234.0999640338317,758.6163206811735,404.12669110362623,162.8201530663532,315.2497465753977,721.5363251569202,457.425725095421,874.1999377193476,741.0474265533664,631.7020542048202,976.1365865584834,455.249082747493,256.42503621768617,413.16386080190864,706.1959534298836,796.678598096548,216.1441116820844,891.4577029820208,178.7992019363767,790.0882350397652,583.9967693601682,951.9680517029553,710.642787715104,429.7547156312416,512.2619950373619,765.411798900484,230.43751320702557,57.61297385857674,20.573652212414842,557.8796719965203,745.7785322670749,101.07447074951766,118.38789617327585,80.02521524345723,866.8240388152469,11.861227300240818,498.5982608426804,700.3240332608242,290.9602677071755,28.03487567303818,558.8037341542076,416.9409042460503,185.77468404959922,140.52397427652835,638.2960212800471,550.1958490563137,889.0646410502302,23.59656220874505
522.6398500174198,823.8879000174278,111.13442494451365,915.5789729675136,524.1224661658123,74.22399245024168,300.9814775285846,22.391286063458352,826.4281514745056,449.1170397396044,390.9873638539855,203.26768725667137,618.6286307832736,900.8574685741379,299.64546442299115,39.51225039154246,650.9466481680877,100.87725162878706,291.83236616993986,455.963845984115,814.7331909976069,920.1476430910467,727.2009865532062,313.24683631174446,470.9986189766689,907.405615686925,42.290416416616885,942.4829010378252,165.35902323430975,614.7808155614259,579.3981361654843,346.4063717640662,649.1464609281925,503.15176078034216,555.3091920258258,906.5218535370818,207.25692068668084,855.9748634767141,340.46675313301034,767.9045478600094,236.60735538168805,787.3904788615295,715.0898854784989,774.3683238173211,914.7432849139162,703.5864088077819,72.97293709474155,780.9088817110124,157.6007437478046,60.57342423761498,258.7701710908066,17.134477922533875,343.6127798289617,667.235969504736,782.6195256999646,993.8745303192776,320.94432829517285,441.1078562889946,851.9776986395166,953.114504086993,386.3757331338089,69.83742729599439,143.23774947630415,589.3143425162946,362.46924117572644,43.113496410588965,415.3708540213822,846.4846807254348,988.8127096954736,624.9135509269099,367.85124466199005,917.0537243544443,127.96223720725942,416.2646254231891,964.0337212627633,187.1649868581112,12.665587743847652,918.8411954988762,884.9394562222533,426.3870904072487,540.3085696596623
628.1392295916063,739.8854148509027,3.3247628326189047,850.1792709114899,118.69135527536932,828.7079176485591,206.73151314338213,25.827144528328862,591.0707199112333,209.46480499232456,750.693822072297,479.4564125992024,12.491019100858253,500.132972363406,959.938956672299,73.47484862455941,263.7025188384109,646.762774824201,712.629188679991,505.8489617305251,98.42610879548955,406.68569443633953,936.6934009829924,695.2249498595406,234.52515868304852,231.77657250323128,278.0038302078041,449.0507389439593,200.52537610632993,102.73289025347039,943.8416427406867,627.945982929407,604.2973499298276,813.2453957474859,604.7594975236846,693.7706010930826,10.123973502888127,162.76808073031611,486.1643533063254,353.74826426479206,269.1138090800587,227.2856085702049,83.3208275056668,406.08467986100504,492.2134797435232,188.7000347588449,321.66957250333917,704.8711799552752,729.0211925605254,717.1055388040289,141.31236680502872,42.58808864369635,386.7023005402983,657.0810920521975,76.79777795784233,91.89050439213433,875.5949931424925,514.6920572218964,664.2131725455606,440.00799710362355,971.7753736753413,278.2389768173412,363.5567690166269,111.58267014188664,903.6283038715973,465.9577671380828,937.6165343172327,441.1991380015386,303.36443499943374,797.2827874436882,468.8355773807446,495.77179124484616,268.40476768799965,648.3881524388369,851.8317784177173,849.3609811699152,135.93570175215996,698.8234463916818,702.5069781230736,746.8868945593194,957.0575596105032
199.02501210156808,822.9622637394908,386.17876763796716,980.5404263315656,784.7476458035926,531.5648846821044,306.6294825787615,246.9523928102542,237.52455420059886,581.0462142397951,434.26191173396376,433.5373058561646,871.6724150110341,170.59701598374448,279.4285133466325,481.32036130983505,816.0485432373322,212.5450423899122,861.2563202883791,424.76659700449505,452.53660013622226,154.75172620969624,59.86314099607417,712.0169208127257,959.4066244102031,961.3945661141832,284.0876136612348,840.1125503320508,776.6091066101235,488.93172839511624,381.80448938783786,551.050902182431,589.6812178207829,802.768762428094,327.9642868591684,13.713343890819086,329.07930444738247,949.85661182844,132.17287990334367,956.0362767674008,615.8756358540915,723.5999613252355,973.6052122197775,480.93459139483815,983.3059408253067,495.8109656345893,302.5312160784643,357.9325098515892,569.2053901570291,613.5132862202865,752.3332575340804,848.1299781709778,663.9697967429823,694.3210134996035,311.51913536532817,750.3682168973855,121.21924681841297,679.8540541387856,455.4143744441877,389.7669204339735,932.8256410086644,156.94019722576311,534.8528035863864,740.773051801534,864.253613871969,37.94278637073189,799.6720910920467,889.0806795099382,307.8440988538627,830.3099762644272,57.503648585333664,617.7671363539148,946.0315840961517,19.819303612582356,851.8053983920207,856.3318547400319,527.1145573611003,791.7196171482552,443.49338287351503,560.0182547772573,398.0992509451147
205.43778573597757,51.11419826874117,504.67791620810806,33.480341412091384,20.290222053451522,883.6144439542047,52.7781828362585,712.023140384962,950.9715292819723,788.5368160885712,348.5351103768396,656.5055606623152,961.1216369156384,91.15530579029289,813.0650008733235,557.7089849985146,424.7066322385955,539.7729092996074,121.06554258116543,390.8489485669198,80.19070291720107,622.5684210703574,98.99507420926892,667.9174648599236,7.154486873203277,252.62800641195815,81.53030687142845,254.12180212065158,369.97612377066736,70.0401268964345,751.0946871722992,865.3572992243626,15.64164642667921,276.31522513654284,524.0726537561674,188.63264590685515,967.1025554782369,337.8124942148654,537.6834389215692,8.843595043947358,907.274445658731,587.9057394389904,159.73692810657366,426.6180817164206,808.1807422453727,99.16868376068763,353.44175777078306,344.99256858319194,846.8617179336457,915.8521715282742,77.11220323357362,392.97354922160065,717.9516376592355,66.48414386434094,654.0432685254546,842.4457666091665,610.438272981548,609.0788646503103,682.8751630663393,894.5125952565501,268.2380387287777,626.3745130189451,746.2016485412424,151.12123810175714,96.03470242366598,386.9697008006929,599.1709090601998,625.0198040414679,171.35934525881723,829.1294873930866,545.0993934284337,70.17319192533569,208.7565127512511,174.1477159572796,39.29808497477576,208.1147452573357,573.2080942454704,495.67421280743474,898.9900568421821,152.70033121104717,413.4121449302606
1.8228413377964285,947.7363657845652,36.71714735077342,148.69984479127032,452.52785730201117,946.0660621551159,614.0775531346576,727.7798566954787,856.7112244823999,983.9664385204517,508.76877688711346,246.08469270968868,153.50345478060981,205.964103082585,904.9336757715123,890.3984180264117,318.78696022785186,768.3349682383946,87.40501644135509,958.8709647600704,918.3550430881537,531.7036967601699,240.8359914518259,618.2615935838271,442.58398222130313,831.0185145225028,966.5747448670961,284.48247607110534,238.8842058182582,226.27275589118796,570.3548589389277,876.0312890720508,927.6847570484472,459.7788721147808,483.5720295428044,755.2551803926,765.5557031800964,503.5692519738095,721.5104901126646,569.7916646521567,288.27295261785423,915.0415847438445,495.6935551769391,64.99323760205557,661.3835329144622,237.14253957180745,262.31730996595064,857.0022336037154,321.64249485100265,550.742129289222,877.3331492674637,836.7395099791679,94.17381804832446,400.58961316643513,5.5823215503887464,595.0735895234329,32.496657620123955,8.114517677320366,115.76930006335962,201.63039375384787,481.0026709502986,334.3140119890375,978.9703366703595,856.2051312857297,931.4220278191884,949.6626532145403,544.4212474957212,630.7214144619037,213.02897703099316,105.87194164612885,151.20688233644253,987.8939873719979,308.1082866066323,443.8432121862039,772.5102790090259,947.8003907141047,146.514792513016,57.23977159107192,589.9871651576991,787.0688820605529,190.4150201147801
112.30230958812828,577.9088150973631,792.1818609113673,120.20691855435565,470.35946476983656,154.74062853032834,442.6843464750947,27.545758614946948,247.11461080539866,899.2282681178473,408.51921058734973,392.16547176249344,375.56496850673034,213.48904434589468,329.3075803219607,755.2587586281269,36.38839978826166,735.2548832462005,705.9851174843434,692.6657351569967,432.37079540301164,985.3135686158623,405.09140275471356,337.38535685177226,859.5272609558555,918.7425350964598,167.09537782731857,218.2351710854108,784.5840115868118,942.0527260386176,384.8366396850538,70.60091619615368,115.22467777970336,212.40266502398674,773.9679528451638,46.509167991229226,130.37682462846266,380.8771023870606,783.9725061001599,325.1712706818358,256.12029977066567,18.608958784556236,865.9820622071431,421.7324326688043,219.2134829038138,323.94787192079696,831.7730678738067,665.9268037900403,942.4249758739284,96.32980395102351,400.54385941099827,886.7890739130183,878.7529140141362,199.9240986064995,214.92189724758722,281.1403188687982,284.32094317992716,181.42060078056278,307.77413783659523,707.2964730924524,507.43330932803383,640.4956680723943,444.8701225092588,103.21419822322767,396.2380743154869,515.5739755619387,244.66071917592436,861.4544170784089,245.6965471311906,83.27190173562943,252.8319760060362,241.06065743511184,815.6283465294698,551.4647178980865,310.1398976715301,485.88965902207474,597.4848997066603,268.55849559114023,881.9969023123365,345.4997505557364,492.96733968533323
514.6644969943827,894.4260586172031,249.3019558372494,50.23909580455983,731.0600144423506,338.71366419873755,613.6401696313029,184.3703727171832,43.51562608668257,713.9448225905338,290.8145246580875,907.4123205652153,426.65699378284245,985.2234195642037,822.5188987625568,31.360915576975906,339.1359679746285,57.1724442513729,816.0777282638077,331.6533710967356,65.5944295485831,723.0944675621232,829.7427887531696,294.62081547385145,196.00703788146788,78.91023458013987,615.9456071651476,236.50671832148916,494.5187036766103,19.947708643084997,569.375856950047,224.04803455597698,583.1643242482069,323.49680046872936,990.3508861627681,560.8931614952888,196.2852181497822,818.8788590565714,702.8329123868402,187.9292593743405,812.9120587856386,671.6182593035161,930.6712854212376,522.9596152674584,803.2859952200164,398.6901337977286,116.07460467363602,535.9107110336288,589.2468671311962,102.6147122155741,748.2360798890414,9.085747114245722,996.3387925009939,305.4712280064478,397.4376771930001,966.9891352743113,290.5238993212294,684.6659677977027,921.1300770303619,695.1856041185014,384.8348060211085,911.1787272778996,607.8558491356928,882.337328596837,853.0775069946734,33.81783544774999,885.1940642664418,75.34967303592173,413.43383535577254,206.7669058806538,976.6463209622336,681.5099525071972,911.7896105522705,197.57432555727118,515.5517745294154,755.3632066138683,98.24790694502855,631.2716439406848,569.3584256237573,672.700184074542,51.09544123526666
768.028186046021,679.3869823864067,634.732559307217,140.11554489754346,761.0566060454039,210.09670373588406,588.142379465515,214.81315526274457,733.9694138603035,58.82616700402176,812.3980072509044,801.9000184353266,193.7182759325718,642.1685343194902,843.0494222967179,570.5240894148806,445.23196638703683,518.1122349095557,848.4537872503832,246.41258236773086,860.4620482561545,606.4985732440009,59.65299743770497,407.29752188575895,458.251934747316,934.9218340710413,429.58596089530363,874.8401740298348,616.6200993852518,969.3451942846646,88.76039193944442,279.90369275146105,257.816069948857,723.5228927610738,833.6214139164039,689.8360322141112,583.2278997546115,39.89311734158347,384.7136094724824,189.4813839117773,66.92102400408233,292.0489890282977,643.8715359789757,976.2893132637607,542.370294595359,701.332919706626,354.9415658757354,174.63652848804742,238.12491483998872,916.8254330545693,843.7775368227809,155.302913671395,884.7193057713423,649.0817477129766,94.19029704724566,598.7845281169288,118.62289749141136,800.8055893163963,905.773941154441,214.68596888965837,915.3472360215605,256.13782345222205,760.3186500017246,295.19058377662526,685.2386790024898,798.0826980764664,75.83306148616812,722.1696832591042,567.8243223166013,276.6035063520323,762.6923799674131,413.5998812258153,379.75645712956543,765.947300768946,921.880631369251,209.93806611071628,265.75111655830744,286.26403405144146,131.77677881354276,795.8990767626831,621.9429005116335
833.8120340855032,664.8220320824485,963.4257750656866,758.8947780584496,922.883341247153,804.1951118828097,739.877810169433,123.90994297281611,729.2226576785458,588.6037602395614,177.628521775621,357.31271249412185,848.6129874672845,23.149213117433654,588.4851595643928,11.449984543166211,598.540430214122,204.79053855451758,935.4808640880656,220.97823505584788,418.8337611742003,652.5658168503778,211.46964428742524,528.9989733712843,54.21287183482863,282.7102860891333,7.9637716959396805,917.8481236275223,906.3734658170006,227.91283077311584,862.978920455067,654.4694812601056,434.63805832002595,804.8349218447656,211.32274673192998,84.85143479825813,751.259346432966,403.64799602448886,976.9169268794788,873.1924766679009,167.2217673508655,535.2698807372959,348.266702055232,635.281343125254,963.5828481716408,941.2583820344895,528.7056196264624,401.8737540480855,421.03062007369545,31.737925203808878,680.9170367556309,453.48190695870727,922.8190072637857,856.3633176048452,685.0033075890216,236.30734815330896,704.908181487179,462.063384736587,232.6226327584452,519.3355136007543,804.662687270069,913.2111805356639,688.941418530281,99.44461057047344,980.4446695134731,878.2363036861096,261.721530703507,392.57323717981035,500.7232377513429,185.19636357105819,807.9589454177941,772.5354004864703,641.7857142384835,600.0384524502932,489.95300772991766,441.5678495524126,39.09686561627715,831.3270340267987,666.6188943563548,646.0632086617834,997.853314067923
410.0130660182506,363.8871631824419,737.3335497581702,416.6131807589263,610.611478908002,22.434032528698317,114.77011288466002,314.74856575432653,44.71054358516509,358.0123656268328,810.3264137268936,163.81263288173415,639.9981963249857,189.14602313143382,617.0836974047239,237.6463181844365,656.1288487647188,727.701143220352,118.07322239762914,520.9241690561009,514.7078703135916,469.7058585613156,658.850401131229,501.066410046191,774.0262014890934,948.4257236220578,61.727482094786225,565.3298002974915,898.9346624903535,398.28547564632373,16.287165199935398,796.4962567338126,342.57430818951724,82.66059763325846,87.96396172736283,657.5756664022915,562.4860278700199,264.3372059137663,987.9140013012204,547.8829875708418,375.2946350888476,187.32548433821788,11.264206239319552,805.2128567966456,583.6409895790966,898.1554072724226,341.2760900944081,652.5333267546952,386.4116270853437,537.20048203872,277.6421225795465,964.2144751451276,937.7546402126834,269.3620676751942,877.9741383482382,672.8600088045289,324.92938203039205,673.4942719544568,180.95153120150144,659.0721595509021,229.51065651820878,521.8793497342126,837.138703990823,529.7890182429132,663.699624972376,893.8157589954707,719.1884512138495,699.3509068685853,191.68056273241652,720.9821680506941,334.5894522175829,417.2729701303956,348.3208359953617,432.561619894812,470.4422167439338,909.4229546457196,350.3612979067114,867.053034951058,310.51798225048094,307.9553035736255,695.7836582455044
494.07642235950595,953.685242617628,441.1520177488031,813.0960565595456,236.7723235657453,325.6922508132194,285.7472613697411,938.7923582207947,267.3255710926015,352.30675282818225,191.48940115298726,31.012445614939903,301.7816041022358,307.5847207356088,256.47839991916305,793.8309076843738,847.602686835176,326.04838860158833,500.8446706962106,79.70549601485946,120.19151394157828,579.1738262371855,778.2128964577025,606.2161070524899,177.14670201483378,889.4856437242345,728.7192547837391,861.2528203364649,17.521657040961944,685.9555516555923,390.7183805846783,12.424088692121362,591.5581016286474,11.64114020898884,857.3234747677924,318.69568133779495,759.8070201328387,994.4666237457369,662.1147439000052,742.8928754027909,553.996854773631,629.2633136466611,927.7773326665723,92.1149165310649,930.1754705355064,697.7469054346408,376.54512754649363,65.68975958931328,653.7016469978893,262.5173303419403,665.5282824619252,106.74402013535155,878.2242581573634,739.2937090204047,778.7445447618808,973.9068560901147,241.6047733839969,594.352522646604,881.7495328249003,278.5951039253267,741.0250353381482,928.575632206027,491.41471706232073,483.46706436351707,345.2432453982892,218.66591869496938,899.9769544365108,586.3917096469322,305.3720847464432,487.8008183903323,328.78853016326707,574.9797547302874,490.36871070593776,982.5283398332211,70.43484766578885,457.49613047899766,685.9617389728108,326.36840226965813,983.334547522667,161.38162036993674,246.84010982830443
862.5706857550032,477.04200633081734,753.939912630795,258.4929745711376,367.18938848948966,83.21698113892556,717.3546600297171,75.90700013618448,231.06832746460992,289.4120196728949,227.18647872953022,811.7236999472573,329.405802849069,55.038427731175425,18.87045236287983,967.2377953491803,821.6280026206263,289.4374442145157,971.5825255297638,272.28161255791366,539.5885501688554,653.287054965155,68.40729538733078,142.08225909348576,669.2708361587229,525.2945786301501,161.52227885848623,60.09334425522357,965.9782115024614,527.9678047241807,127.86231470131595,679.1250682674654,138.57861482402365,774.3827499948628,777.6880138792499,151.65787664116417,775.2157884398082,268.9360954045082,353.2336505385511,596.0200995595922,573.9254609746725,332.63573304192084,985.6840938372425,684.8471187193611,570.3337835763261,809.2738876372181,594.7776416351974,128.8538089353358,280.71341225843423,817.8568952434789,226.33971242691683,733.0031724120346,302.78522916897475,982.3505013923743,212.8391015608482,186.1565970338771,197.4568902591817,116.86951731452534,15.993591423610225,624.7240167074278,838.5752309406332,643.1418129616814,618.31171488905,20.898773594131036,148.19294882253084,56.35450728109474,111.97092304490863,390.3165663524183,147.11274233484664,703.0930396255188,489.10080485302404,548.2356266769392,161.1579257070285,316.6154066082111,622.2117648724742,472.2145962784561,163.36640428962866,92.75251254319694,57.86660737864509,439.5634472220918,369.2273986322951
587.2138793035114,447.7975968875744,937.0063792542343,621.0539223336657,813.2456315985321,991.2033041352598,276.9115623102432,625.4257288845997,483.1351392987689,397.35429331034976,311.6451342751878,576.5718051924844,600.8946725190666,496.5194974798928,414.0412809690198,434.5964792207635,822.4411305624412,393.97170021497885,996.4317909704148,442.68293984700506,192.78766005706458,956.247171814223,590.135864400723,571.2502670167185,839.2734233043348,117.29168373109228,823.8730737256877,93.87580900426192,423.3523256385817,497.33556985826164,268.5074848850382,144.55139031245042,378.9994550097518,293.6071395996761,89.39020277362154,777.392264658317,545.4674908988623,870.5553255764581,115.17401427711995,251.04613590095923,564.9080128390978,97.18012641899087,550.9093183801139,300.50172964413645,986.0367659931378,410.0837088925606,866.7758520981475,550.4589745452957,639.7811327141648,750.3387374117956,798.9755667278877,439.37969945208243,799.8091860255997,919.7183220403635,103.51952740555497,20.42603443797912,158.41689306591365,196.78665420691408,420.451563097327,534.3712631915768,521.8772652549426,146.3867960883838,301.40963552711895,233.3273763912237,231.80552725124352,940.7418036997021,755.2540598986805,325.60264323813243,881.7231056451817,565.9071790225681,222.4456934934165,673.4345539788358,726.1403942256511,755.7185270335088,257.6651124974587,136.49768802704588,509.74759746957494,310.39707003717047,678.8704998737579,997.8314138800827,543.3808250891539
238.9066111831838,561.4226239989476,431.1166969156042,337.43039272562294,114.1235735819368,314.44972734893605,879.8045976101972,757.0716966568941,176.4574282260426,886.5048529738735,913.7504328600673,581.3115753528532,744.4666853581527,91.49270508670222,396.0639648799783,362.5802499629388,38.31868169984499,606.6450356843592,349.79226363793475,996.9691105289781,313.61415617351867,782.0253778301711,38.04062965382819,776.391439343645,880.5956472041515,477.420563487436,249.859713527213,334.10256338085225,594.7311064086482,633.3758357005178,234.76863110617464,320.6670228489977,193.92726713648446,920.580223293152,844.3442406226468,439.6120821738966,719.1606515704872,648.9870797175079,556.86810966232,614.4973188517071,241.99819594913657,617.5731444704643,453.4158858401483,721.9673442787067,853.4985479206639,255.03005870221335,691.5676154755206,350.1232756454799,630.639167541674,396.88053302828365,447.7521519141053,655.143473258173,384.5467513793441,936.0138261767543,922.6758789798738,101.0352066552729,134.25209671195216,902.3968813634866,265.0271427856706,873.6064731388271,309.2244232419405,589.0878540218384,98.45457667397163,313.51887979523156,740.5806945398332,196.28668767677587,766.6213190983794,854.6848004220585,692.312660915049,764.4366711549416,420.79449527199944,6.374472775440492,839.019653713875,204.02983121716022,463.9472792708646,36.23912439965203,653.2556161901059,317.55060331071434,8.540950489452962,540.5906917391809,4.511912205255687
163.58693831308938,660.4494097498555,287.21067772151497,417.7571746389563,743.3630221364068,710.2730376313598,645.4825564083553,188.41985086956058,826.820023944865,985.2162791281839,230.83075262018212,229.48312715793597,802.0252775987287,952.0179594860476,610.1854973116542,660.0116144834061,583.2380184118545,79.23613243234253,808.6560853937505,461.3802445675333,865.7081592126885,644.3551220012924,491.2484236810669,392.61648784186616,489.2409902086345,200.07669994048533,853.8896254809658,383.7161400358162,442.0498089482905,99.01374991388207,651.9733095532879,608.4067081774344,358.20055379583204,441.95021857821644,661.265958954758,436.8080451873285,857.8075211226171,452.69845047569515,633.3404160089448,562.9774362509253,252.68107414258802,587.9478560762063,223.74684428841638,747.3970794523518,41.223408346418786,31.490192060016096,775.4346818718177,901.9695460208991,921.0088598648139,285.86307980261677,694.6469678380131,293.35669056845535,887.5751968877465,632.7509363187111,144.8798832562228,428.08485809915436,474.13556241018824,572.2455542895121,399.52324744187297,846.101978686702,761.7844809234617,862.0836776997683,449.9976529359377,573.6185866023924,656.6957228703732,429.23355325924916,34.06019272517924,572.9266188262295,191.24142059971246,584.0285493754674,530.3550090094859,350.3987831338786,727.4679445421319,685.6786039513921,127.27141371201877,801.7203750148936,360.5577595615486,763.8864342923554,214.86523209802652,421.0901571739049,924.7879222332805
595.788217606081,72.02727102859896,660.468024871292,787.2076476994378,162.3639915367566,665.9709949801612,922.4845130042528,651.8378839602958,484.28866577171027,255.31645079866513,134.2231595189551,197.60757772879734,936.5997210806406,257.8095273840577,136.35301809849324,114.10378968679541,113.60184380902916,611.248228952095,488.0291265541638,369.4885383178794,469.1383889520234,210.61023386013744,179.7172461766568,182.18805875021818,705.582266725836,99.68096465471803,462.53983254815245,272.66054190934597,123.52465624443715,5.454680929095308,847.846190923664,898.7836747840603,70.8332239329413,138.6860605183812,70.53495718178414,695.8601112928129,35.25716716032206,110.12595899335088,814.6266498452987,650.5945333712048,228.12272022507068,268.2992910934701,704.7800724954031,103.08037403122587,374.10658735278787,847.6809256516884,416.89729323799213,623.0654451465155,446.00748689588374,65.95063186937728,280.99287731071706,931.7572215272763,780.7144595477039,349.5857405124037,257.54687935139,31.21109885709638,832.5183101555514,863.1709396942716,941.1418641059429,214.6200360986603,118.51637495233255,366.99323471310737,146.0673432395068,455.5900456566301,57.37117630646524,355.21942465896433,191.76532260972053,301.2123556272628,559.9977157576601,995.9788079087449,436.72632110314055,56.372635051581256,638.6867859632654,418.2713471511625,362.73390161861306,549.6949944924609,75.42850759957503,248.73469367466214,770.828148608714,0.056625581737841615,701.6912340292442
608.1122085282453,611.4666954667978,309.53636388484415,511.52545040313635,156.1897612556542,142.75945946740504,455.9489721432899,419.02818648893424,785.5671139262151,86.71373737837384,429.1978459604635,363.13654952014105,917.8259015894972,410.7584182398829,769.1965833466683,39.382515003788804,824.2515241415266,797.9373631911282,92.79561738255254,194.61526661416525,317.7982933464353,539.3527458551292,475.39821461450487,143.1034124282732,371.547881620344,954.0536987913373,102.81365162132656,575.1361399045622,176.6142839205292,507.2811883998462,185.1352014837984,316.08069751303464,631.8561057847223,839.0607594632514,848.7722080154515,574.5065516700768,663.8817787182539,482.1827532909179,774.0515279074087,633.1470001638407,779.4006368840394,10.84629088072424,1.9871214707623186,351.76697326121536,261.4277892748864,374.30853108142,981.3491719416394,503.3315694137017,642.1962306345683,575.3619813132858,767.919351829357,669.9697177122158,783.412838377211,124.3456596218948,796.9792302028272,783.3871094224337,506.7594080896672,621.2865677951715,245.64379617071174,816.947386715181,1.864745055610846,829.2028214515208,837.4432980200334,242.2374145731112,180.1300941353932,962.3980375626387,240.5063777308944,760.9327280517915,636.6884111321691,885.3470746525559,587.8824993006322,178.18695981266373,90.83979041186734,629.7501234695852,900.9072510665293,152.84618328510896,275.54022445591823,50.3787679731054,464.4868324447592,902.4424110843462,71.80156934811981
